n,p,s,b,L1,n.FP,FPR,sd.FPR,n.FN,FNR,sd.FNR,FWER,sd.FWER,RMSE,sd.RMSE,error
500,500,3,1,0.157665571,10641.55,0.053528924,4.13E-05,138.5,0.115416667,0.000244204,1,0,0.024373088,0.000452555,Diag
500,500,3,1,0.578632647,2.05,1.03E-05,2.16E-07,573.7,0.478083333,0.000553796,0.005125,0.002149625,0.040399262,0.000424756,Diag
500,500,3,2.5,0.157665571,13112.65,0.065959004,3.27E-05,58.9,0.049083333,7.36E-05,1,0,0.030562622,0.000419396,Diag
,,,,,,,,,,,,,,,
