n,p,s,b,n.FP,FPR,sd.FPR,n.FN,FNR,sd.FNR,FWER,sd.FWER,RMSE,sd.RMSE
500,500,3,1,8760,0.0440643863179074,0.00256967144726125,440,0.366666666666667,0.0229415733870562,1,0,0.210731386041006,0.0034782710379597
500,500,3,2.5,8540,0.0429577464788732,0.00234134603510495,400,0.333333333333333,0,1,0,0.412776807705806,0.00379291568677491,Diag
