n,p,s,b,n.FP,FPR,sd.FPR,n.FN,FNR,sd.FNR,FWER,sd.FWER,RMSE,sd.RMSE
500,500,3,1,22460,0.112977867203219,0.0062175368639211,400,0.333333333333333,0.0241825416703337,1,0,0.210731386041006,0.0034782710379597
500,500,3,2.5,86980,0.437525150905433,0.00677386797683118,180,0.15,0.0380442955126341,1,0,0.412776807705806,0.00379291568677491,Diag
