n,p,s,b,n.FP,FPR,sd.FPR,n.FN,FNR,sd.FNR,FWER,sd.FWER,RMSE,sd.RMSE,error
400,300,3,2.5,293.65,0.003089752,8.89E-06,110.4,0.115,0.000107166,0.5921875,0.022676233,0.142397299,0.000249369,Diag
