n,p,s,b,n.FP,FPR,sd.FPR,n.FN,FNR,sd.FNR,FWER,sd.FWER,RMSE,sd.RMSE,error
500,500,3,1,2,1.01E-05,2.87E-07,568.45,0.473708333,0.000607221,0.005,0.002856203,0.05135862,0.00013153,Diag
500,500,3,2.5,6.15,3.09E-05,5.81E-07,147.7,0.123083333,0.000128997,0.015375,0.005776185,0.114899178,0.000134883,Diag
500,500,3,1.5,2.55,1.28E-05,3.25E-07,295.05,0.245875,0.000423804,0.006375,0.003231603,0.071938835,0.000134073,Diag
500,500,3,0.25,0.8,4.02414486921529e-06,1.20481417483668e-07,1190.3,0.991916666666667,0.000176002246961999,0.002,0.00119758528978766,0.0253247092507474,0.000132794711381892,Diag
500,500,3,0.5,1.1,5.53319919517103e-06,2.25621543787186e-07,1017.15,0.847625,0.00070372127900426,0.00275,0.00224267814524463,0.0326235535734022,0.000122420219976639,Diag
500,500,3,0.75,1.75,8.80281690140845e-06,2.78444252442768e-07,774.85,0.645708333333333,0.000547933343085555,0.004375,0.00276773586928111,0.0415987980488243,0.000127284000632598,Diag
500,500,3,1.25,2.4,1.20724346076459e-05,3.1147385464723e-07,405.1,0.337583333333333,0.00063189110371888,0.006,0.00309605011519347,0.0615256964754986,0.000133720466411282,Diag
500,500,3,1.75,3.05,1.53420523138833e-05,3.3717570997299e-07,232.5,0.19375,0.000305835364972457,0.007625,0.00335152655713153,0.0825207779178825,0.000134533032756129,Diag
