n,p,s,b,n.FP,FPR,sd.FPR,n.FN,FNR,sd.FNR,FWER,sd.FWER,RMSE,sd.RMSE,error
400,300,3,2.5,12.05,0.000126789,1.33E-06,150.55,0.156822917,0.000157228,0.03640625,0.007368205,0.142397299,0.000249369,Diag
