n,p,s,b,n.FP,FPR,sd.FPR,n.FN,FNR,sd.FNR,FWER,sd.FWER,RMSE,sd.RMSE,error
500,500,3,1,2,1.01E-05,2.87E-07,568.45,0.473708333,0.000607221,0.005,0.002856203,0.05135862,0.00013153,Diag
500,500,3,2.5,6.15,3.09E-05,5.81E-07,147.7,0.123083333,0.000128997,0.015375,0.005776185,0.114899178,0.000134883,Diag
500,500,3,1.5,2.55,1.28E-05,3.25E-07,295.05,0.245875,0.000423804,0.006375,0.003231603,0.071938835,0.000134073,Diag
