n,p,s,b,n.FP,FPR,sd.FPR,n.FN,FNR,sd.FNR,FWER,sd.FWER,RMSE,sd.RMSE,error
500,500,3,1,341.6,0.00171831,3.51E-06,345.95,0.288291667,0.000677924,0.005,0.002856203,0.05135862,0.00013153,Diag
500,500,3,2.5,514.55,0.00258828,5.66E-06,108.25,0.090208333,8.63E-05,0.71375,0.020587985,0.114899178,0.000134883,Diag
500,500,3,1.5,390.05,0.001962022,4.52E-06,179.85,0.149875,0.000293576,0.618625,0.020471799,0.071938835,0.000134073,Diag
